{"algorithm"	:	{"last_layer_kernel_max_norm"	:	0.15,
"last_layer_only"	:	true,
"loss_type"	:	"huber",
"lr"	:	0.01,
"n_pretrain_itrs"	:	0,
"n_warm_up_itrs"	:	0,
"or_kwargs"	:	{"delta"	:	0.05}},
"exp_name"	:	"cp-0.01-0.15-T",
"experimenter"	:	{"rollout_kwargs"	:	{"max_n_rollouts"	:	null,
"min_n_samples"	:	1000},
"rollout_kwargs_test"	:	{"max_n_rollouts"	:	null,
"min_n_samples"	:	5000},
"run_kwargs"	:	{"eval_freq"	:	1,
"final_eval"	:	false,
"n_itrs"	:	500,
"pretrain"	:	false,
"save_freq"	:	null}},
"expert_path"	:	"./log_pg/cp/10/saved_policies",
"init_lstd"	:	-1,
"mdp"	:	{"envid"	:	"DartCartPole-v1",
"gamma"	:	1.0,
"horizon"	:	1000,
"n_processes"	:	1},
"policy_last_layer_scale"	:	0.001,
"policy_units"	:	[64],
"seed"	:	200,
"top_log_dir"	:	"log_daggered_adagrad"}