{"algorithm"	:	{"delta"	:	null,
"lambd"	:	0.99,
"lr"	:	0.001,
"max_kl"	:	0.1,
"max_n_batches"	:	2,
"n_pretrain_itrs"	:	1,
"n_warm_up_itrs"	:	null,
"optimizer"	:	"adam"},
"exp_name"	:	"cp",
"experimenter"	:	{"rollout_kwargs"	:	{"force_cpu"	:	false,
"max_n_rollouts"	:	null,
"min_n_samples"	:	2000},
"run_kwargs"	:	{"final_eval"	:	false,
"n_itrs"	:	100,
"pretrain"	:	true,
"save_freq"	:	null}},
"init_lstd"	:	-1,
"mdp"	:	{"envid"	:	"DartCartPole-v1",
"gamma"	:	1.0,
"horizon"	:	1000,
"n_processes"	:	1},
"policy_last_layer_scale"	:	0.001,
"policy_units"	:	[64],
"seed"	:	10,
"top_log_dir"	:	"log_pg",
"value_units"	:	[128,
128]}